{
  "Compatibility": "Compatible",
  "Contributors": {
    "Developer": [
      "aiden_yosh1",
      "GhostSalt"
    ],
    "Idea": [ "aiden_yosh1" ],
    "Manual": [ "GhostSalt" ],
    "Twitch Plays": [ "samfundev" ]
  },
  "DefuserDifficulty": "Easy",
  "Description": "Depending on a list of rules, press buttons on the keypad labelled with the letters of the alphabet. Tags: letters, alphabet, keypad, keys, colours",
  "ExpertDifficulty": "Easy",
  "License": "Republishable",
  "ModuleID": "alphabetButtons",
  "Name": "Alphabet Buttons",
  "Origin": "Mods",
  "Published": "2022-08-29",
  "SortKey": "ALPHABETBUTTONS",
  "Souvenir": { "Status": "NotACandidate" },
  "SteamID": "2856055416",
  "Symbol": "Apbb",
  "Type": "Regular"
}